Fan_ID,Edad,Sexo,Localidad,Frecuencia_Visitas_Web,Interacciones_RRSS,Compras_Ecommerce,Gasto_Total_€,Asistencias_Estadio,Participacion_Encuestas,Miembro_Programa_Fidelidad,Newsletter_ClickRate,Ultima_Interaccion_Dias,Seguimiento_App_Oficial,Cluster,PCA1,PCA2,Fan_Score,Nivel_Fan
1,54,Hombre,Andalucía,3,16,2,128.36,5,3,0,0.87,212,0,1,0.2247127931415294,0.0916903961017366,43.37878481704844,Medio
2,44,Hombre,España,14,15,0,120.84,8,2,1,0.86,76,0,1,0.0157164865801557,-0.2837780790077511,56.22059554458172,Medio
3,30,Mujer,Andalucía,8,14,2,115.73,4,3,0,0.69,143,1,1,0.2445853121657248,-0.0984811085902405,47.16857485888528,Medio
4,58,Mujer,Internacional,7,18,4,85.19,1,4,0,0.62,34,1,1,0.499927407454447,-0.4060987320638679,45.486872491059295,Medio
5,23,Mujer,Andalucía,7,13,2,38.84,5,0,0,0.01,336,1,2,-0.5213140404203764,0.4308884493600541,28.61688034269915,Bajo
6,36,Hombre,Sevilla,12,11,3,72.14,2,3,0,0.75,4,0,1,0.2611730092049415,-0.510139518742395,38.89506767751252,Bajo
7,54,Mujer,España,10,21,2,0.27,5,4,0,0.09,328,0,3,0.4725945763193717,0.4567081086625699,33.41020084745199,Bajo
8,34,Mujer,Sevilla,3,14,4,132.03,5,1,0,0.26,98,0,0,-0.2488661279413284,-0.2337424548041466,36.699924305373365,Bajo
9,38,Mujer,Sevilla,6,26,3,47.32,5,3,0,0.55,217,1,1,0.2220697480269225,0.1110359796447951,47.64246623852618,Medio
10,26,Hombre,Sevilla,3,15,2,58.67,1,4,1,0.45,28,0,3,0.5139250919767808,-0.3861362616895019,32.78208086937857,Bajo
11,26,Mujer,Andalucía,3,22,1,122.34,3,0,1,0.02,201,0,2,-0.4912113173938801,0.0847902916742212,35.5090515172121,Bajo
12,39,Mujer,Andalucía,11,11,1,15.41,6,3,1,0.82,273,0,1,0.2205112910243268,0.2525609761434674,40.161789573778414,Medio
13,51,Hombre,Sevilla,8,15,2,32.42,5,4,0,0.88,314,0,1,0.4541348766058482,0.3698106350747604,38.8592292255846,Bajo
14,55,Mujer,España,5,16,2,90.72,4,3,0,0.68,127,1,1,0.2435605364012145,-0.137036161212325,43.21570176980836,Medio
15,39,Mujer,Sevilla,10,11,2,100.82,6,0,0,0.54,202,0,2,-0.5085320464986721,0.0299010532363757,37.73029691549164,Bajo
16,18,Hombre,Sevilla,10,13,0,77.13,7,3,0,0.96,9,1,1,0.2684812589198267,-0.4597391857296148,47.99982335781356,Medio
17,37,Mujer,Sevilla,10,9,0,78.44,5,3,0,0.12,287,1,3,0.2484153208904421,0.3483203481275402,34.622607607280635,Bajo
18,17,Hombre,Sevilla,4,20,2,130.74,4,4,0,0.74,88,0,1,0.4986735458909527,-0.2273739661728655,45.80870529276947,Medio
19,39,Hombre,Andalucía,6,15,1,105.45,10,2,1,0.13,318,1,2,-0.0166386749866432,0.4304521622723808,49.245705515302575,Medio
20,59,Mujer,Andalucía,8,18,4,100.05,1,3,0,0.38,19,1,3,0.2616811579895138,-0.4465031461175469,44.210669201995394,Medio
21,45,Mujer,Andalucía,14,16,3,111.03,3,2,0,0.59,81,1,0,0.0063110363612896,-0.2980449204500042,51.22388997608901,Medio
22,53,Mujer,Sevilla,4,9,0,67.98,6,1,0,0.74,107,0,0,-0.243144882912369,-0.2002195350387742,28.22865807383651,Bajo
23,17,Mujer,Sevilla,8,16,4,166.93,2,3,0,0.0,311,0,3,0.228535858189802,0.3827445609340015,42.06882200319805,Medio
24,36,Hombre,Sevilla,8,20,3,0.0,7,2,1,0.26,230,0,3,-0.022649111746447,0.1454732576484162,39.09479356960176,Bajo
25,48,Mujer,España,16,12,2,138.32,2,1,0,0.54,112,1,0,-0.2362844149467527,-0.2185561667633777,48.69032611798868,Medio
26,27,Hombre,Sevilla,11,22,1,116.08,4,4,0,0.53,220,1,1,0.4922628828915086,0.148259609186909,53.289581776186765,Medio
27,37,Mujer,Andalucía,2,17,0,89.93,9,3,0,0.64,123,1,1,0.2526317900964688,-0.1064083984003396,44.13438459584644,Medio
28,59,Mujer,Internacional,7,18,4,83.2,7,4,0,0.3,244,0,3,0.4713103888930547,0.2025190076393732,44.58714348016954,Medio
29,40,Mujer,Andalucía,12,13,1,73.78,3,1,0,0.54,178,0,0,-0.248645563588758,-0.0207970570317462,34.15687343935067,Bajo
30,64,Hombre,Internacional,8,13,2,124.14,4,4,1,0.19,65,1,3,0.5216195750973389,-0.2673722232783692,48.61048184110952,Medio
31,42,Mujer,Sevilla,10,9,4,78.41,6,4,1,0.19,3,0,3,0.517935532300221,-0.4645466105952139,43.53388233145243,Medio
32,57,Mujer,España,6,10,3,50.88,3,0,1,0.58,207,1,2,-0.5206812218704988,0.0260064701052324,36.614987790015206,Bajo
33,43,Mujer,Andalucía,5,15,1,116.08,4,1,0,0.69,21,0,0,-0.2298284915185174,-0.4432831416617926,36.2802467378236,Bajo
34,31,Mujer,España,9,18,0,143.39,4,4,0,0.12,293,0,3,0.4990523452644711,0.3878073835372956,41.12861348012316,Medio
35,30,Hombre,Sevilla,8,16,1,2.91,2,2,0,0.12,15,0,0,0.0321716642704148,-0.4255328493783057,21.271021101334817,Bajo
36,62,Mujer,Sevilla,9,23,3,174.28,6,1,1,0.57,343,0,2,-0.2874801076903754,0.4308369842154066,60.025513485016816,Alto
37,59,Hombre,Sevilla,4,14,2,38.53,1,0,1,0.27,206,0,2,-0.5074888308923784,0.0550428762424975,24.19088186770276,Bajo
38,18,Hombre,Andalucía,7,13,0,41.59,3,3,1,0.39,202,0,3,0.2506647576187356,0.0993136011435841,31.08574491266524,Bajo
39,52,Hombre,España,8,16,2,30.2,6,4,0,0.4,120,0,3,0.4989996619165963,-0.1291558688754722,35.73858987019831,Bajo
40,22,Hombre,España,7,18,3,80.03,5,2,0,0.18,137,0,3,0.000792098789581,-0.1036478191746272,36.64041076289436,Bajo
41,36,Hombre,Sevilla,6,16,1,28.81,5,0,0,0.0,300,0,2,-0.5109297083433164,0.3472645172213241,22.155803350662502,Bajo
42,24,Hombre,España,13,15,3,33.67,4,1,0,0.85,295,1,2,-0.2915362202230314,0.2570572951540534,44.525023281451546,Medio
43,54,Mujer,Sevilla,8,17,1,52.46,3,4,0,0.72,25,0,1,0.5142797638518852,-0.4027401622475243,36.64634701919588,Bajo
44,33,Hombre,Sevilla,13,11,4,85.54,4,0,0,0.69,312,1,2,-0.5409266796529284,0.2891012714799765,45.70090096480946,Medio
45,19,Hombre,Sevilla,6,23,4,89.39,6,0,1,0.55,234,1,2,-0.5315698626095365,0.1079346207717619,53.83692773104843,Medio
46,40,Hombre,España,11,10,0,129.65,4,2,0,0.7,121,1,1,0.0143149132108161,-0.156909033921452,44.59689458595484,Medio
47,29,Mujer,Sevilla,12,9,0,128.73,2,3,0,0.94,90,1,1,0.263544212604089,-0.2499755804044651,45.88473658392775,Medio
48,24,Mujer,Andalucía,8,26,3,120.98,2,3,0,0.67,320,0,1,0.2092266169056905,0.3806067008712158,49.25015651391372,Medio
49,41,Hombre,España,10,12,1,69.54,3,3,0,0.27,200,1,3,0.2523859293579955,0.086118289532111,36.114440374520825,Bajo
50,17,Mujer,Sevilla,8,18,1,6.35,0,1,1,0.57,180,1,0,-0.2561888865268873,-0.0179131704165921,33.67062912715078,Bajo
51,35,Hombre,Andalucía,1,12,3,5.47,3,0,0,0.44,345,1,2,-0.5460204816938028,0.419815337185111,22.54993554112261,Bajo
52,43,Hombre,Sevilla,11,13,2,120.71,3,1,0,0.56,76,0,0,-0.23604806726473,-0.3086623699497072,39.61328412828124,Bajo
53,62,Mujer,Sevilla,10,16,0,113.75,7,0,1,0.52,137,0,0,-0.4857965717420588,-0.1179192836424165,45.48176036266387,Medio
54,22,Hombre,Andalucía,6,15,4,55.33,5,2,0,0.86,138,0,1,-0.0265069868672647,-0.1569710253333891,39.55105898403488,Bajo
55,59,Mujer,Sevilla,6,13,1,22.37,6,2,0,0.65,10,1,0,0.0163080817841244,-0.4615625226534163,34.80292240041148,Bajo
56,23,Mujer,Andalucía,6,13,3,38.11,3,1,1,0.19,201,1,2,-0.2607144546683884,0.048973548889717,34.63983140398882,Bajo
57,62,Hombre,Andalucía,12,8,2,86.99,12,1,1,0.06,318,0,2,-0.2668059085571646,0.3985920781061979,45.10041461619896,Medio
58,50,Hombre,Andalucía,7,19,2,87.06,7,2,0,0.42,346,1,2,-0.0352410921790504,0.4710378546128622,46.469588597394,Medio
59,29,Mujer,España,10,13,1,121.7,1,4,0,0.02,219,1,3,0.5097559836719763,0.167091181887441,38.25172243229255,Bajo
60,32,Hombre,Andalucía,3,14,1,61.99,2,3,0,0.32,60,0,3,0.2690553007283549,-0.2907800691701238,24.734551767037008,Bajo
61,51,Hombre,Andalucía,6,24,2,70.24,3,3,1,0.37,147,1,3,0.2475664336238695,-0.0623757156050742,47.90994343089947,Medio
62,55,Hombre,Andalucía,10,11,1,125.01,5,2,0,0.38,107,1,0,0.0181236777304904,-0.1824319181149658,43.37958718210764,Medio
63,19,Mujer,Sevilla,4,28,1,0.0,8,3,1,0.98,38,0,1,0.2450763358093805,-0.3757051316327311,47.625630252100834,Medio
64,17,Mujer,Sevilla,10,11,0,92.7,5,4,1,0.3,134,1,3,0.5182544766691279,-0.0665927710414093,45.4081794008489,Medio
65,21,Hombre,España,9,12,1,66.63,5,4,1,0.27,221,0,3,0.4962597336101765,0.1630885790193148,38.69002139229452,Bajo
66,57,Mujer,Andalucía,4,16,3,108.51,4,0,0,0.13,303,1,2,-0.5228362481318868,0.3303478961618895,36.29743739475538,Bajo
67,19,Mujer,Sevilla,14,19,3,100.5,4,1,0,0.51,133,1,0,-0.2508667101036097,-0.1605951896243037,51.323554185235,Medio
68,44,Mujer,Andalucía,6,11,2,52.15,6,3,0,0.15,334,1,3,0.2226235881404446,0.4608024757062536,34.16605552264303,Bajo
69,33,Mujer,Sevilla,4,14,0,59.71,4,4,1,0.62,53,0,1,0.5163461878834847,-0.301209941481776,35.70949803098445,Bajo
70,41,Mujer,Internacional,5,20,2,0.0,4,1,0,0.16,62,0,0,-0.2357820283258341,-0.3126330618040146,24.01916331750091,Bajo
71,59,Hombre,Sevilla,7,23,4,110.0,2,1,0,0.58,23,0,0,-0.2444629703015949,-0.4677227914006164,43.33783088048505,Medio
72,49,Hombre,Sevilla,8,16,3,89.59,3,0,0,0.83,44,1,0,-0.4981796231341429,-0.4334717090056148,43.6779180609517,Medio
73,25,Hombre,Sevilla,10,15,0,135.94,7,1,0,0.04,308,0,2,-0.2494957853298587,0.3953815340144018,38.50671547054678,Bajo
74,51,Mujer,Andalucía,8,11,1,64.02,5,1,0,0.42,46,1,0,-0.2273962878231725,-0.3662710798712466,34.64353839816389,Bajo
75,29,Mujer,España,6,15,3,116.57,1,2,0,0.46,147,0,0,-0.0046394975467635,-0.1006319270443201,35.26892204133688,Bajo
76,46,Hombre,Sevilla,6,19,2,37.2,4,0,0,0.79,216,0,2,-0.5251133162926439,0.0562280702774202,33.03297008688949,Bajo
77,63,Mujer,España,9,16,1,0.0,3,0,0,0.47,340,0,2,-0.5297961264113618,0.4164721558029221,24.111308001461456,Bajo
78,30,Hombre,Sevilla,10,15,3,76.22,4,3,0,0.57,47,1,1,0.2564565537324862,-0.3704849950503524,45.84855210282603,Medio
79,23,Hombre,España,8,14,2,57.33,4,1,1,0.79,347,1,2,-0.2940263786960035,0.4236551788493493,44.80718077046254,Medio
80,29,Hombre,Sevilla,5,15,1,37.97,2,3,1,0.56,308,0,1,0.2209327964436796,0.369989200286828,32.14063214455818,Bajo
81,38,Mujer,Sevilla,11,12,2,115.92,1,4,0,0.36,24,0,3,0.5266674722201827,-0.4029315657103415,37.73035546038253,Bajo
82,55,Mujer,Andalucía,8,10,1,128.33,2,1,0,0.09,145,1,0,-0.2284888475688354,-0.0773601022273652,33.39592362598457,Bajo
83,36,Hombre,Internacional,7,12,2,84.22,3,4,1,0.73,89,0,1,0.4996958796329998,-0.2391464544332313,42.219330808638965,Medio
84,31,Hombre,España,7,7,0,72.7,1,2,0,0.87,174,1,1,-0.0035630434584892,-0.0277222734694251,31.34509818253505,Bajo
85,60,Hombre,Andalucía,6,9,3,82.51,5,1,0,0.97,64,1,0,-0.2578478501144262,-0.3713519194450855,41.78740112041029,Medio
86,33,Hombre,Internacional,7,14,3,53.88,4,3,0,0.93,119,1,1,0.2310580956623719,-0.1929040914054814,43.90713539475718,Medio
87,62,Mujer,Sevilla,9,10,1,102.5,4,3,0,0.8,223,1,1,0.234765963700619,0.1202580887177223,43.78581407907954,Medio
88,39,Mujer,Internacional,7,13,2,18.43,7,1,0,0.64,156,1,0,-0.2627489543784689,-0.0854659602082291,36.61840340186511,Bajo
89,41,Hombre,Andalucía,9,17,2,37.08,4,3,1,0.78,178,1,1,0.2313358502550371,-0.0125452673978138,48.01363712387628,Medio
90,40,Hombre,España,9,12,0,48.35,1,1,1,0.43,320,1,2,-0.2653675530713854,0.3851806605035534,33.27675332097707,Bajo
91,60,Mujer,España,14,14,4,101.65,3,0,0,0.59,342,1,2,-0.5413413662828307,0.3768373166654981,47.906677336289135,Medio
92,56,Mujer,España,11,11,1,67.9,5,3,0,0.35,56,0,3,0.2735722048579116,-0.3117614784944688,34.480018609759746,Bajo
93,44,Hombre,Andalucía,2,16,4,134.42,4,1,0,0.33,59,0,0,-0.2447939807742763,-0.3441172491392816,36.8117947360258,Bajo
94,30,Hombre,Andalucía,3,14,3,112.13,4,1,0,0.76,220,0,2,-0.2780316498598202,0.077341442831184,37.02406276790446,Bajo
95,60,Hombre,España,8,24,4,47.96,6,3,0,0.45,185,1,3,0.2254209352900824,0.0157955969644727,49.84563017912714,Medio
96,16,Mujer,Sevilla,6,16,1,105.34,4,0,0,0.21,47,1,0,-0.469801283058673,-0.3570691225941376,35.68683913126169,Bajo
97,40,Mujer,Internacional,10,20,1,63.67,3,3,1,0.2,102,0,3,0.268766381485988,-0.1731572582876025,40.04268127991246,Medio
98,22,Mujer,España,8,13,2,98.93,1,1,0,0.86,44,0,0,-0.241726157556715,-0.4160199927307795,35.28024648204896,Bajo
99,24,Hombre,Sevilla,15,13,0,114.07,2,0,1,0.68,15,0,0,-0.4638827400844836,-0.4832636703983075,43.319120557297566,Medio
100,39,Hombre,España,9,20,1,124.59,0,4,0,0.55,236,1,1,0.4906251456210482,0.1846720714789165,46.27464559672765,Medio
101,16,Mujer,Andalucía,4,21,4,88.08,5,2,0,0.4,361,1,2,-0.050409492785616,0.4925123654362259,45.38639412096755,Medio
102,59,Mujer,España,5,8,1,144.0,4,3,0,0.43,51,1,3,0.2740396059565778,-0.3203648540906695,39.41725747920355,Bajo
103,23,Hombre,España,3,17,1,97.65,5,1,0,0.06,309,0,2,-0.2626833886384361,0.391485390949794,28.92013708824201,Bajo
104,39,Mujer,Sevilla,9,13,5,85.4,2,0,1,0.45,34,1,0,-0.4962565976784696,-0.4658586744927651,44.99035716756369,Medio
105,26,Mujer,Andalucía,8,18,3,67.9,2,0,0,0.8,124,0,0,-0.5117523789892985,-0.2143932865325429,36.25532003467754,Bajo
106,32,Hombre,Internacional,10,11,4,54.75,4,4,0,0.39,77,1,3,0.4991607469131376,-0.2786524465361649,41.96356262103114,Medio
107,23,Mujer,Sevilla,6,11,4,96.8,3,3,0,0.38,123,0,3,0.2432194053776474,-0.1587214664679208,35.054555332663895,Bajo
108,50,Hombre,Andalucía,9,9,2,84.03,5,0,0,0.02,205,0,2,-0.4950754764982258,0.067949957189647,27.40844534780667,Bajo
109,50,Hombre,Sevilla,7,14,2,90.43,6,4,0,0.46,228,0,3,0.4830362381595965,0.1670581535304333,40.19695358830649,Medio
110,48,Hombre,Andalucía,11,10,2,99.23,2,1,0,0.03,70,0,0,-0.2202849199865379,-0.297224440903812,28.950893467587097,Bajo
111,20,Hombre,Andalucía,6,17,2,90.26,3,4,1,0.57,230,1,1,0.4798705945737837,0.1627769121468456,48.604060108948254,Medio
112,57,Hombre,Andalucía,8,19,3,160.53,1,3,1,0.51,21,0,3,0.2673464993420687,-0.4334607032055236,50.80442775612168,Medio
113,54,Hombre,Sevilla,7,13,1,58.88,3,4,0,0.84,108,0,1,0.4976179040587724,-0.1834120543792887,34.99965031022347,Bajo
114,56,Hombre,Andalucía,6,18,4,97.29,4,0,0,0.58,364,1,2,-0.5514750171609587,0.4552730105486042,44.168952229162194,Medio
115,43,Mujer,Sevilla,9,10,2,70.89,4,0,0,0.32,241,1,2,-0.5100912854631359,0.1454979785893685,33.49180559095503,Bajo
116,22,Hombre,Sevilla,10,13,3,0.0,7,2,0,0.52,251,0,2,-0.0309829399217894,0.1787869035270249,33.89428206065034,Bajo
117,24,Hombre,Sevilla,10,13,2,72.26,2,4,1,0.7,135,1,1,0.4945199834070798,-0.1182097006499406,47.76818215313076,Medio
118,23,Mujer,Sevilla,4,18,2,42.54,5,1,1,0.09,90,1,0,-0.2364835737026276,-0.2264727926688842,36.65204653177008,Bajo
119,27,Mujer,Andalucía,11,21,1,77.33,4,3,0,0.62,79,0,1,0.2614348498400928,-0.2606014103545065,43.3982122993354,Medio
120,49,Mujer,Andalucía,7,16,1,78.94,3,2,0,0.92,177,0,1,-0.0136525773036949,-0.023384407818477,37.26952077219227,Bajo
121,48,Hombre,España,10,17,1,95.41,1,4,1,0.3,298,0,3,0.4863535887352163,0.3671397300709338,41.02178708130492,Medio
122,63,Mujer,Sevilla,3,14,4,58.79,2,1,1,0.63,308,1,2,-0.2972476105864053,0.3078234566667995,39.2990937739336,Bajo
123,38,Hombre,España,6,11,1,63.8,5,2,0,0.82,102,0,1,-0.0002001152128547,-0.2210311687635914,33.106751921642235,Bajo
124,39,Hombre,España,8,11,2,108.03,4,0,0,0.51,361,0,2,-0.5337503017069392,0.4670434683860235,33.88923232384979,Bajo
125,52,Hombre,Andalucía,5,17,1,47.64,1,3,0,0.72,335,1,1,0.2126874958081238,0.4337106962557587,34.765522450697325,Bajo
126,50,Hombre,Internacional,5,23,2,6.46,5,4,1,0.31,112,1,3,0.4986496920722901,-0.1394871064600488,43.12405159449455,Medio
127,59,Mujer,Internacional,5,14,3,86.28,2,1,0,0.31,181,0,2,-0.2580870151918295,-0.0103674739631436,29.194298835433287,Bajo
128,55,Mujer,Sevilla,14,11,2,122.83,4,0,1,0.67,104,1,0,-0.4910155807946955,-0.2563822448118044,52.2687717604404,Medio
129,37,Hombre,Sevilla,3,18,2,107.57,6,2,0,0.71,16,0,0,0.0102169867993663,-0.4469918177034476,40.99651649419175,Medio
130,42,Hombre,Internacional,7,20,0,87.02,6,3,0,0.94,96,0,1,0.2526322534738356,-0.212009641529256,44.460604999809405,Medio
131,50,Hombre,España,13,11,0,130.03,7,2,0,0.22,293,1,2,-0.0006617388328094,0.3487180476409061,46.00191358946086,Medio
132,16,Mujer,Sevilla,6,14,0,123.28,7,2,1,0.47,146,1,0,0.0108284309036814,-0.0570823677592005,48.60449196472495,Medio
133,50,Hombre,España,4,16,3,66.76,5,1,0,0.25,302,0,2,-0.2800906431600073,0.3333505527971363,30.807142819555903,Bajo
134,52,Hombre,España,7,18,3,89.9,10,0,1,0.08,2,1,0,-0.4743462461683738,-0.4834122353275908,50.38102651037265,Medio
135,62,Mujer,España,9,15,2,91.62,4,4,0,0.4,119,1,3,0.5049496882617983,-0.1347840660711434,44.63326932488823,Medio
136,29,Mujer,España,4,17,0,76.53,2,1,1,0.37,343,0,2,-0.2703308354035931,0.467278426544489,30.604181560650336,Bajo
137,18,Hombre,España,7,21,3,125.37,6,3,1,0.27,94,1,3,0.2563876060721959,-0.206650626944539,56.54754222752288,Medio
138,16,Mujer,Sevilla,9,15,1,73.91,4,2,0,0.3,191,0,3,0.002416759952393,0.0519365539119892,32.92721006573518,Bajo
139,20,Mujer,Sevilla,5,10,1,59.99,3,3,1,0.36,3,1,3,0.2787069435175076,-0.4534301814158857,35.33982932295498,Bajo
140,41,Hombre,Andalucía,8,18,2,0.0,4,1,0,0.99,111,1,0,-0.2652109979665199,-0.2366897863017026,38.66187431494337,Bajo
141,29,Mujer,Internacional,12,8,3,48.07,3,1,0,0.78,177,0,0,-0.268102691555196,-0.0663671500892307,33.57272820365031,Bajo
142,54,Hombre,Sevilla,4,12,2,27.38,4,4,0,0.07,257,0,3,0.4846972582006054,0.266504412717104,23.51744938261043,Bajo
143,42,Mujer,Andalucía,10,15,2,78.38,2,2,1,0.87,361,0,1,-0.0459218084452951,0.4650572726224716,43.88677196245654,Medio
144,24,Hombre,Andalucía,9,22,3,29.85,8,1,1,0.63,22,0,0,-0.2463793822283629,-0.4580060874103083,47.97742950021139,Medio
145,30,Hombre,Andalucía,11,21,6,104.35,3,3,0,0.89,220,0,1,0.2027391958959585,0.0513135407823427,54.70296787145935,Medio
146,30,Hombre,España,9,14,2,124.34,1,4,1,0.34,173,0,3,0.5015391731788004,0.0118774652208866,42.91508196275558,Medio
147,41,Mujer,España,10,13,0,78.75,4,3,0,0.46,224,1,1,0.2489181281399649,0.154761403165043,39.41241682396501,Bajo
148,57,Hombre,Andalucía,5,15,3,40.64,3,2,1,0.9,65,0,0,-0.0102244868998082,-0.3517580456207578,38.66575312183954,Bajo
149,28,Mujer,Andalucía,7,10,0,91.46,3,4,0,0.27,277,1,3,0.4946414325520237,0.3271275227928973,34.18449240623416,Bajo
150,47,Hombre,Andalucía,9,13,1,155.74,5,4,0,0.92,249,1,1,0.4786378468729543,0.2050040791363151,54.78583960703921,Medio
151,54,Hombre,Andalucía,6,18,0,143.3,6,4,0,0.83,260,0,1,0.4812248395243333,0.2618344112828324,48.07252168625201,Medio
152,64,Mujer,Sevilla,7,13,5,23.76,9,0,0,0.98,131,1,0,-0.5361696907985715,-0.218691501879121,46.089070264485095,Medio
153,47,Hombre,Sevilla,9,25,0,22.27,4,4,0,0.32,113,0,3,0.5140157255018767,-0.1208585064586204,35.53746011817815,Bajo
154,19,Hombre,Andalucía,7,9,7,12.02,3,3,0,0.24,286,0,3,0.1979250294155513,0.2546053668658113,29.009216671541672,Bajo
155,45,Mujer,Sevilla,10,11,2,34.52,5,3,0,0.33,287,1,3,0.2272586617208532,0.3109513440174819,36.47600876373774,Bajo
156,52,Hombre,Sevilla,10,20,4,90.06,5,2,1,0.95,211,0,1,-0.0370953608504203,0.0364532121898583,55.72706320250133,Medio
157,38,Hombre,Andalucía,10,22,4,57.73,4,1,0,0.33,20,1,0,-0.2390237771530289,-0.4645888682665954,45.08656734915837,Medio
158,54,Hombre,Andalucía,5,9,1,46.45,3,1,1,0.57,215,1,2,-0.2613079343358373,0.0857549565974841,32.928695205164175,Bajo
159,60,Hombre,Sevilla,10,13,2,121.56,2,0,0,0.4,310,1,2,-0.5193528195279602,0.3287602744739909,39.71624257366571,Bajo
160,30,Mujer,España,12,17,1,101.2,2,4,0,0.4,251,1,3,0.4924462985747812,0.231268325859919,45.617614055643614,Medio
161,58,Mujer,Andalucía,3,16,2,11.81,0,0,0,0.19,271,1,2,-0.518148795386564,0.2374584779187001,19.881088224485577,Dormido
162,44,Hombre,Sevilla,6,10,0,119.27,3,2,1,0.54,180,0,1,0.0056693955742155,0.0202084131446981,36.29332730065762,Bajo
163,51,Mujer,España,12,5,3,100.24,5,2,1,0.85,194,0,1,-0.0208424820840456,-0.0050653556074098,46.30231827261943,Medio
164,28,Hombre,Andalucía,2,17,2,101.13,5,1,0,0.05,313,1,2,-0.2694941679202869,0.3934821943435921,34.7156304288512,Bajo
165,47,Mujer,España,4,13,2,57.18,3,2,0,0.89,79,0,1,-0.0055036739665481,-0.3000446690677345,31.610540142143595,Bajo
166,22,Hombre,Andalucía,10,19,3,72.51,2,4,0,0.67,180,0,1,0.4809310048643784,-0.0003648169017497,42.83488864424569,Medio
167,37,Hombre,Internacional,5,11,0,1.09,3,3,0,0.62,163,0,1,0.2469479182344281,-0.0226080930927182,21.251854550439027,Bajo
168,43,Hombre,España,7,12,2,114.68,1,2,1,0.63,202,1,1,-0.011496533406811,0.0471479051303675,44.2764894376348,Medio
169,17,Hombre,España,8,15,0,40.04,9,0,0,0.3,14,0,0,-0.4661296931968586,-0.4388510997442963,30.966877857376357,Bajo
170,57,Hombre,España,6,17,0,45.17,1,4,0,0.42,347,1,3,0.4749632217984726,0.5087900714280412,32.221399110589964,Bajo
171,60,Hombre,Sevilla,11,21,4,44.63,4,2,1,0.8,246,0,1,-0.0405104120378449,0.135999232068588,49.95194736088146,Medio
172,21,Mujer,Sevilla,10,19,1,152.02,3,2,1,0.31,14,0,0,0.0367933898233002,-0.43032211885306,48.10787325235099,Medio
173,43,Hombre,España,9,10,2,53.25,7,4,0,0.47,99,0,3,0.5031539978021617,-0.1932086479980651,36.97134340397254,Bajo
174,43,Mujer,Andalucía,11,11,0,117.69,1,2,0,0.02,33,0,3,0.0487927923567486,-0.3618962210061151,28.49868710691724,Bajo
175,59,Hombre,España,8,19,0,79.04,3,3,0,0.73,257,1,1,0.2339148964202846,0.2333511323769048,43.0398606576408,Medio
176,59,Mujer,Sevilla,7,20,4,46.84,5,1,0,0.42,34,0,0,-0.2467446420218029,-0.4268563792995968,37.192171288190565,Bajo
177,35,Mujer,Andalucía,8,16,0,39.58,7,4,0,0.53,19,0,3,0.5240323906398885,-0.3886517732352058,36.37288325533979,Bajo
178,45,Mujer,Sevilla,4,17,2,54.85,1,0,1,0.11,152,1,0,-0.4934949956742178,-0.0799475014288159,31.185382228803384,Bajo
179,26,Hombre,Andalucía,10,16,1,77.02,4,2,1,0.99,260,0,1,-0.0279649511751637,0.1969370037133041,46.67387622843107,Medio
180,43,Hombre,Andalucía,8,11,2,104.07,5,1,0,0.3,164,0,0,-0.2468470220982009,-0.0442453194562329,33.8917816288129,Bajo
181,40,Mujer,Andalucía,7,20,2,61.16,6,0,0,0.63,77,0,0,-0.4966051775834651,-0.3099734321151955,37.87227437875685,Bajo
182,54,Hombre,Andalucía,11,17,2,59.66,3,0,0,0.58,314,1,2,-0.5296606794461268,0.3278786321710619,40.0446148986365,Medio
183,48,Mujer,Andalucía,8,12,2,44.75,9,3,0,0.79,137,1,1,0.2360056814721142,-0.1160727278283147,45.99022442327355,Medio
184,16,Hombre,Andalucía,7,8,2,32.24,8,1,0,0.29,359,0,2,-0.2849639091149317,0.4927076592510836,27.493592952420286,Bajo
185,42,Mujer,España,12,9,1,28.89,1,4,0,0.76,208,0,1,0.4865112083255413,0.078899569312997,30.492732913387428,Bajo
186,28,Mujer,Sevilla,11,21,1,119.52,3,1,0,0.38,242,0,2,-0.2537511954982664,0.1744283558868818,41.48266806287231,Medio
187,56,Hombre,Andalucía,13,9,1,58.85,5,1,0,0.41,67,0,0,-0.2272347844157428,-0.3178036432497562,32.132061314994466,Bajo
188,18,Mujer,Andalucía,11,13,5,62.39,6,0,0,0.67,116,1,0,-0.5182073490758337,-0.2509119073264227,46.645633632543216,Medio
189,54,Hombre,España,10,19,3,53.34,8,3,0,0.78,202,1,1,0.2207391972573023,0.0511269331372271,53.2608659614535,Medio
190,21,Mujer,Andalucía,10,14,2,67.33,3,3,0,0.67,250,0,1,0.2262380849906892,0.1878094524006229,37.62555002412074,Bajo
191,23,Mujer,España,10,12,1,94.84,2,1,0,0.9,278,1,2,-0.2747073693800558,0.2323904104992142,41.20370870392314,Medio
192,42,Hombre,Internacional,2,9,3,60.52,4,1,0,0.29,112,0,0,-0.2499177448699573,-0.1940024494418347,23.000933602204128,Bajo
193,24,Hombre,Sevilla,15,20,0,87.23,6,2,0,0.9,331,0,1,-0.0288271537358565,0.4081651543081205,49.89050546001859,Medio
194,52,Hombre,Sevilla,10,8,2,136.73,6,0,0,0.13,234,0,2,-0.4992736945609739,0.1435756723356027,35.277930342718406,Bajo
195,48,Mujer,Andalucía,5,15,1,47.21,4,4,1,0.66,176,0,1,0.4886185629642885,0.0203439883382742,37.81801709964424,Bajo
196,57,Hombre,Sevilla,9,13,3,62.42,7,4,0,0.55,143,1,1,0.48768623966363,-0.0864874872514322,47.07679588316133,Medio
197,59,Mujer,Andalucía,9,16,1,105.64,3,3,0,0.49,32,0,3,0.2747569656914715,-0.3818201822911099,38.664007855930265,Bajo
198,39,Mujer,Internacional,8,13,0,139.89,5,0,0,0.31,181,0,2,-0.4851796050672762,0.0144169614198382,34.78410879377246,Bajo
199,30,Hombre,Sevilla,8,13,2,30.31,2,3,0,0.5,67,1,3,0.2582277664841372,-0.3049974237300261,33.54310842815223,Bajo
200,47,Hombre,Sevilla,11,16,3,11.97,7,4,1,0.16,4,1,3,0.5192978755667383,-0.4472922910637102,46.83454179640965,Medio
201,47,Mujer,Sevilla,7,22,1,79.98,5,1,1,0.37,286,1,2,-0.2670916198969965,0.3047374489068409,47.036945241068885,Medio
202,39,Mujer,España,9,16,2,75.84,4,0,0,0.1,269,1,2,-0.5091561328305118,0.2403960181829559,35.70166243801201,Bajo
203,56,Hombre,Andalucía,7,18,1,108.01,4,0,0,0.57,236,0,2,-0.5107476563690104,0.1383000911746503,36.741518018663626,Bajo
204,64,Hombre,Sevilla,3,18,3,101.9,8,2,0,0.1,277,1,2,-0.0227580441986023,0.2994265404646218,43.25601079123309,Medio
205,64,Hombre,Internacional,10,14,2,78.64,0,1,0,0.16,41,1,0,-0.2208980067546309,-0.3861600325981696,32.41069329706699,Bajo
206,27,Hombre,España,7,12,1,121.97,2,1,0,0.09,121,1,0,-0.225954114904875,-0.1405864504842846,33.17958860674491,Bajo
207,54,Hombre,Sevilla,6,12,4,52.76,3,3,0,0.38,275,1,3,0.2151592775780477,0.2559918657845542,36.28659575847898,Bajo
208,17,Mujer,Andalucía,11,13,0,88.46,8,0,0,0.84,231,0,2,-0.5113645092839687,0.1166596787115409,41.319326898678895,Medio
209,18,Mujer,España,4,11,7,31.37,1,3,0,0.91,304,1,1,0.1757351272429004,0.2648616325862279,38.80859429757489,Bajo
210,64,Mujer,Sevilla,4,12,2,78.31,3,1,1,0.07,86,0,0,-0.2309071301186141,-0.2423312740547455,28.62910693266814,Bajo
211,52,Mujer,Sevilla,5,8,4,21.55,1,2,0,0.63,63,0,0,-0.0071863606165926,-0.3618073858703947,23.413113783284874,Bajo
212,64,Hombre,Sevilla,8,12,3,35.37,6,0,0,0.68,192,0,2,-0.5225824914858257,-0.0177849073448761,32.87735960956065,Bajo
213,32,Hombre,Sevilla,10,12,3,148.38,6,1,0,0.53,293,1,2,-0.2771755114099224,0.2857643881772449,50.73446525103438,Medio
214,64,Hombre,España,12,16,6,7.02,9,2,0,0.67,31,0,0,-0.0167323766111912,-0.4645464373254165,46.60579565450431,Medio
215,17,Mujer,Internacional,9,19,1,71.33,2,4,1,0.23,330,1,3,0.4800159701704211,0.4629206147297792,44.57696056811234,Medio
216,17,Mujer,Sevilla,3,11,0,113.09,5,1,0,0.49,146,0,0,-0.2400527150925205,-0.0740619963650716,29.42817842670504,Bajo
217,43,Hombre,Sevilla,8,14,3,168.85,4,4,1,0.39,107,1,3,0.505687596379917,-0.1728742329711043,57.17860611583028,Medio
218,38,Hombre,Sevilla,7,12,1,87.08,2,3,0,0.09,359,0,3,0.2309478840875751,0.5370857070912872,27.177807104260843,Bajo
219,52,Mujer,Sevilla,10,15,0,89.37,6,4,1,0.63,110,1,1,0.5113780296807271,-0.1485229426109681,52.23265515037816,Medio
220,47,Mujer,España,7,10,0,81.59,3,1,1,0.5,276,1,2,-0.2599586839132922,0.2683601882179702,36.743876658755866,Bajo
221,48,Hombre,Sevilla,10,16,1,122.29,4,4,0,0.28,210,0,3,0.5018294581031157,0.134557069186595,41.61746031033,Medio
222,16,Hombre,Sevilla,9,13,3,97.27,6,0,0,0.47,139,0,0,-0.5033856600061049,-0.1470945617908144,38.52456273216018,Bajo
223,34,Mujer,Sevilla,4,15,5,57.0,1,1,1,0.78,86,1,0,-0.2700533550363122,-0.3248452741264376,42.33253631326134,Medio
224,17,Hombre,Andalucía,6,15,1,124.62,5,2,0,0.8,44,1,0,0.0131402348383342,-0.3724442461851585,46.61972819809477,Medio
225,59,Hombre,Sevilla,9,9,4,61.51,3,4,0,0.65,82,1,1,0.4915345026879152,-0.2827587183260244,41.80533829277007,Medio
226,41,Hombre,España,11,16,3,16.06,3,0,0,0.47,64,0,0,-0.4939300835170708,-0.3652828412271739,30.345040115273505,Bajo
227,47,Mujer,Sevilla,11,9,2,16.19,3,3,0,0.58,343,1,1,0.2117284021357338,0.4403902026710398,34.2142989192247,Bajo
228,21,Mujer,España,3,17,2,71.96,3,3,0,0.39,321,0,3,0.2176510911651821,0.4136630096680652,31.07029731593022,Bajo
229,47,Mujer,Andalucía,7,20,1,84.12,3,4,0,0.13,55,1,3,0.5270218786429106,-0.2778636307567722,39.99811405070231,Bajo
230,19,Mujer,Sevilla,10,13,3,118.23,4,3,0,0.39,74,1,3,0.2601909233179204,-0.283948444937066,46.96059409959248,Medio
231,26,Mujer,Andalucía,10,17,3,105.63,7,2,0,0.53,129,0,0,-0.0050706570583211,-0.1472656999488792,47.204673903921766,Medio
232,32,Mujer,España,11,15,6,83.19,4,1,1,0.6,256,1,2,-0.2941070805529295,0.1378078839170107,54.51617269951655,Medio
233,53,Mujer,Internacional,5,9,2,120.46,4,0,0,0.94,231,1,2,-0.525439706598429,0.0878777945978896,40.48537924476586,Medio
234,39,Hombre,Andalucía,5,11,2,80.51,1,4,1,0.78,137,1,1,0.4899654578293904,-0.1126608556592537,42.43009190248829,Medio
235,20,Hombre,Andalucía,10,11,2,28.38,5,3,1,0.15,351,0,3,0.2214521559580062,0.4973546696583294,34.05975945375631,Bajo
236,49,Hombre,Internacional,10,15,2,19.66,5,1,1,0.17,355,0,2,-0.2794132494712252,0.4818952613245578,33.49326064615203,Bajo
237,21,Hombre,Andalucía,9,11,3,131.15,5,2,1,0.1,112,1,3,0.0130300606091768,-0.171976961648487,48.17062640805546,Medio
238,37,Hombre,Sevilla,5,15,3,0.0,3,3,1,0.74,308,0,1,0.2008627534138049,0.3356826117673299,34.23686518085496,Bajo
239,26,Hombre,Internacional,12,21,2,71.97,0,3,1,0.71,146,0,1,0.2441481802525204,-0.1045556311034517,46.07117310206367,Medio
240,63,Hombre,Sevilla,6,14,3,199.27,2,0,0,0.99,33,1,0,-0.4943678608152645,-0.4673338277448212,51.96704420898794,Medio
241,31,Mujer,Andalucía,10,16,2,98.37,3,2,0,0.52,260,0,2,-0.018672547523188,0.2142070252756449,39.29526895473924,Bajo
242,48,Mujer,Sevilla,6,13,1,71.66,6,2,1,0.83,87,1,1,0.0016420817274342,-0.2588225358964016,46.54997915757513,Medio
243,24,Hombre,Sevilla,16,12,1,12.62,9,4,0,0.58,331,0,1,0.4684540372812257,0.43918161842432,42.54570611211008,Medio
244,21,Hombre,Sevilla,11,16,2,144.69,7,0,1,0.87,265,0,2,-0.5262293189539649,0.1883701364102405,55.826590631801686,Medio
245,31,Mujer,España,6,18,1,128.55,5,4,1,0.72,320,1,1,0.4680313024569533,0.4187744910310851,55.670689642148176,Medio
246,44,Hombre,Sevilla,4,15,3,107.39,5,0,0,0.64,30,1,0,-0.4927888824038745,-0.4487252185635116,41.88285318412571,Medio
247,18,Hombre,Sevilla,11,14,3,79.98,4,2,1,0.57,232,1,1,-0.0221489943266631,0.1209690997069292,50.20610855856981,Medio
248,35,Mujer,Sevilla,7,9,1,102.88,1,0,0,0.72,76,1,0,-0.4859098138475541,-0.3225325133236005,33.10707349179272,Bajo
249,51,Hombre,Andalucía,8,9,4,74.06,3,0,0,0.42,129,1,0,-0.5062601832395156,-0.1916930242005809,34.8825828825817,Bajo
250,34,Mujer,Internacional,8,16,4,41.07,4,0,0,0.1,271,0,2,-0.5243754270426464,0.2225517379505966,29.186714811949987,Bajo
251,41,Hombre,Andalucía,7,21,2,118.25,9,1,0,0.04,89,0,0,-0.230563504145554,-0.2157528016994273,43.35436247858208,Medio
252,18,Mujer,Andalucía,11,12,2,77.97,2,1,0,0.48,170,0,0,-0.2513298651723097,-0.0513286801953901,32.62145296627906,Bajo
253,34,Mujer,España,13,22,5,100.88,6,2,0,0.6,128,1,0,-0.0175804357771205,-0.1812128038382027,59.94300504844144,Medio
254,35,Mujer,Andalucía,9,13,2,75.16,6,0,0,0.08,174,0,2,-0.4934464542610557,-0.0165228616921527,30.97689158963281,Bajo
255,47,Hombre,Sevilla,11,17,5,98.47,2,2,1,0.29,26,0,0,0.0094763319698644,-0.4501952204945519,46.57554672838653,Medio
256,22,Mujer,Sevilla,11,22,3,79.42,8,1,0,0.32,61,0,0,-0.2394473658054205,-0.3318407414485684,46.617294714124526,Medio
257,56,Hombre,Sevilla,11,12,3,76.3,5,0,0,0.56,67,0,0,-0.4934286151720007,-0.3574553202233675,37.1824126118425,Bajo
258,48,Hombre,Sevilla,7,16,1,81.2,5,4,0,0.28,26,0,3,0.5270293515793676,-0.3653411774939918,36.096348694107256,Bajo
259,55,Hombre,Andalucía,2,18,3,198.43,4,1,1,0.1,83,1,0,-0.2324266852093422,-0.2472415792828525,50.81202037326633,Medio
260,54,Hombre,España,5,14,0,112.1,1,1,1,0.16,364,0,2,-0.2638250220080389,0.5344293599134006,29.7500433744292,Bajo
261,33,Mujer,Sevilla,8,14,3,183.44,1,1,0,0.17,60,1,0,-0.2254102561137076,-0.3344265099632303,43.94295097456465,Medio
262,55,Mujer,Andalucía,13,8,1,79.68,4,0,0,0.84,39,1,0,-0.4820689420038522,-0.4368271014967075,40.370518204379856,Medio
263,16,Hombre,Andalucía,10,15,0,67.64,4,3,1,0.28,123,0,3,0.269643625807961,-0.110138711223116,37.80169464453183,Bajo
264,26,Hombre,Sevilla,7,14,1,37.03,7,4,0,0.71,292,1,1,0.4674150867315039,0.337146176705697,42.15881975696495,Medio
265,43,Mujer,España,4,10,5,144.13,5,4,0,0.57,277,0,1,0.4564853441588712,0.2634632756482733,44.46658570222672,Medio
266,40,Hombre,Andalucía,12,14,0,43.79,1,2,0,0.98,304,1,1,-0.027890858943305,0.3165893009013821,38.52048947327823,Bajo
267,38,Mujer,Sevilla,9,17,3,152.38,5,0,0,0.27,282,1,2,-0.517907715941742,0.2613480284494501,48.414447223597406,Medio
268,46,Hombre,España,10,11,1,39.35,7,1,1,0.16,191,1,2,-0.2451354780271583,0.0471726969793521,38.832206743506745,Bajo
269,45,Hombre,Andalucía,11,15,2,115.47,3,3,0,0.05,292,1,3,0.2405941759948249,0.3438942993735412,42.79171234780423,Medio
270,57,Mujer,Andalucía,4,11,3,16.36,6,0,0,0.24,152,0,0,-0.5071315712528824,-0.0951131387491645,22.38780986295998,Bajo
271,50,Hombre,Andalucía,5,12,4,62.32,4,0,0,0.68,233,0,2,-0.5345973874409492,0.0853620178486717,31.86374500027035,Bajo
272,22,Mujer,Andalucía,4,9,0,80.88,3,3,1,0.09,146,1,3,0.2696888881994205,-0.0307889991990076,31.7733838228203,Bajo
273,31,Hombre,España,8,20,1,56.1,4,1,1,0.24,271,0,2,-0.2609275437144899,0.2652503240880505,36.66820222548143,Bajo
274,41,Hombre,Sevilla,9,15,4,73.23,3,0,1,0.86,335,0,2,-0.5532154503604385,0.3477069401570636,43.99467524220071,Medio
275,63,Hombre,Sevilla,2,14,1,73.42,2,4,0,0.58,134,0,1,0.4986929766685012,-0.08830440740918,28.849386059262454,Bajo
276,64,Mujer,Sevilla,11,13,4,112.28,4,4,0,0.07,171,1,3,0.4968095249771967,0.0023523195886392,46.72433876341375,Medio
277,17,Hombre,España,6,23,5,0.0,4,3,1,0.05,28,0,3,0.2534921464116914,-0.4055035406101896,37.54375228352211,Bajo
278,16,Hombre,Sevilla,9,17,1,57.48,7,1,0,0.06,136,1,0,-0.2337609777143936,-0.0906050613890118,37.68253897276759,Bajo
279,63,Hombre,España,14,18,2,130.19,6,3,1,0.94,241,0,1,0.2245076318392989,0.1525963115440701,61.52268539302544,Alto
280,27,Hombre,Andalucía,11,16,3,102.5,3,0,0,0.85,344,0,2,-0.5453837537228998,0.383629815303157,42.82070629683621,Medio
281,20,Mujer,España,8,15,1,130.85,4,4,0,0.84,228,1,1,0.4822724909202779,0.1517657393229923,50.65971636077089,Medio
282,52,Mujer,Internacional,8,15,3,110.35,3,2,0,0.92,287,0,1,-0.0409223616692874,0.254932909218862,43.509349306737946,Medio
283,47,Hombre,España,11,14,2,36.66,5,3,1,0.51,303,1,1,0.219760968770778,0.3440067514338417,46.32966740550397,Medio
284,24,Mujer,España,12,10,3,106.44,5,2,1,0.25,34,0,0,0.0221865528778335,-0.4022511234932698,44.18545912804608,Medio
285,56,Hombre,Andalucía,13,15,1,84.01,8,2,0,0.4,2,0,0,0.0320206243679884,-0.4697404475438186,43.47032183545938,Medio
286,50,Hombre,Andalucía,9,13,0,170.72,5,4,0,0.72,362,0,1,0.4726772019563983,0.5396932529287964,47.86075590868306,Medio
287,34,Hombre,Sevilla,11,12,3,112.09,3,3,1,0.88,195,1,1,0.2272019772800904,0.0121428176489121,55.22452381774406,Medio
288,63,Mujer,Sevilla,5,17,0,100.93,0,2,0,0.44,94,1,0,0.0211401404760815,-0.2105384421531551,33.38547312781165,Bajo
289,31,Mujer,Andalucía,10,10,1,106.78,4,0,1,0.54,328,1,2,-0.5217478836125191,0.3821369182170896,43.74773494317466,Medio
290,18,Mujer,Andalucía,8,15,0,98.75,3,1,0,0.93,308,0,2,-0.2766147323494723,0.3317945301596298,36.90938551030956,Bajo
291,35,Mujer,Sevilla,9,13,2,97.67,2,1,0,0.11,135,1,0,-0.2352358743284283,-0.1189201990622393,34.786137838440965,Bajo
292,39,Mujer,Andalucía,6,15,1,69.35,0,4,0,0.86,204,0,1,0.4823833503562126,0.0756367635116865,32.92248074489057,Bajo
293,48,Mujer,España,6,13,1,101.42,4,3,0,0.16,250,1,3,0.2459988139234638,0.2413168779947007,36.5868813505796,Bajo
294,39,Mujer,Andalucía,11,11,1,117.94,2,3,0,0.48,147,1,3,0.2595764488345659,-0.073905644692458,42.05235011977129,Medio
295,26,Mujer,España,11,13,0,122.41,5,1,0,0.22,346,1,2,-0.2597522740589043,0.4801661297889522,41.02676404426028,Medio
296,64,Mujer,España,7,17,1,117.56,6,0,0,0.6,348,0,2,-0.5302811381229127,0.4476660791920909,39.84784262521667,Bajo
297,23,Hombre,Internacional,9,13,0,140.32,5,1,0,0.56,254,1,2,-0.2544697252516567,0.2108829597355374,44.45961925991506,Medio
298,51,Mujer,Andalucía,4,14,2,124.92,2,1,0,0.38,334,0,2,-0.2774936004737679,0.4200409069227075,31.46152973240893,Bajo
299,53,Mujer,España,13,17,3,105.14,6,3,1,0.86,176,1,1,0.2294118444910504,-0.0325499921040748,63.10255322225722,Alto
300,55,Mujer,Internacional,5,14,2,34.25,1,2,0,0.66,125,0,0,-0.0065024622012525,-0.1661071224084533,26.04366688596057,Bajo
301,35,Mujer,Internacional,5,14,3,34.27,3,0,0,0.72,251,0,2,-0.5343599728075641,0.14110997079141,28.07424564127461,Bajo
302,50,Mujer,Sevilla,7,10,2,70.07,3,3,0,0.15,131,0,3,0.2595803714312476,-0.1033696221595814,27.44479931215505,Bajo
303,63,Mujer,Andalucía,8,17,1,81.87,5,1,0,0.88,50,0,0,-0.2410872863830063,-0.3791580559109644,39.94812099420466,Bajo
304,40,Mujer,Sevilla,6,17,3,135.92,6,2,1,0.17,93,0,3,0.0109298955267893,-0.2171736911334528,46.86535849089952,Medio
305,50,Mujer,Sevilla,11,20,0,0.0,6,0,0,0.22,310,1,2,-0.5125903918890572,0.3672653264003205,33.306138107416885,Bajo
306,40,Mujer,Andalucía,8,17,0,38.67,5,4,1,0.13,220,1,3,0.5030847029481988,0.1838453710301946,40.43372380159449,Medio
307,44,Mujer,España,10,18,1,72.23,0,0,0,0.44,334,1,2,-0.5214938202391763,0.3995248184048532,34.497469299662804,Bajo
308,33,Mujer,España,5,22,4,40.13,5,0,0,0.89,334,1,2,-0.5609128672984054,0.3565261211591721,44.50835510977876,Medio
309,61,Hombre,Sevilla,7,21,4,48.08,5,1,0,0.25,20,0,0,-0.2396788473618113,-0.4538028656133332,36.268799459275904,Bajo
310,33,Hombre,España,6,16,0,60.03,3,1,1,0.37,205,1,2,-0.2476393061961745,0.0862148942823023,36.31066896730611,Bajo
311,17,Mujer,Andalucía,7,19,7,42.17,2,4,1,0.85,91,0,1,0.462538655057985,-0.2983495776318488,49.65700086646182,Medio
312,50,Mujer,España,8,15,3,49.1,1,4,0,0.62,355,1,1,0.4518766116274776,0.4795366527434392,39.3619111574932,Bajo
313,31,Hombre,Internacional,11,21,3,134.53,2,4,1,0.75,173,0,1,0.4840997131348314,-0.021132779032144,57.04630964034436,Medio
314,56,Mujer,Andalucía,9,11,4,104.57,6,3,0,0.21,189,0,3,0.2381809817426314,0.0349764456652006,40.531460595697496,Medio
315,51,Hombre,Sevilla,8,17,2,110.56,3,3,1,0.72,312,0,1,0.2155146847484713,0.3624746625327285,47.656202635050896,Medio
316,48,Hombre,España,7,18,3,78.64,2,1,0,0.23,2,0,0,-0.2261555759094417,-0.4970806729371074,32.000901554282926,Bajo
317,19,Hombre,Sevilla,6,23,1,120.44,4,1,0,0.99,361,0,2,-0.294892907527877,0.4739223780258673,45.817588213237,Medio
318,48,Hombre,Sevilla,5,9,3,113.91,2,4,0,0.56,168,0,1,0.4871322280008263,-0.0224348981711277,34.956551165132346,Bajo
319,29,Hombre,España,9,17,1,103.94,3,3,1,0.7,24,1,1,0.2697974911088702,-0.4163946469389953,51.24555899585184,Medio
320,36,Mujer,Sevilla,6,12,1,53.83,6,2,1,0.12,68,1,3,0.024071014233042,-0.2679969714235068,37.00827345349437,Bajo
321,63,Hombre,España,5,14,2,62.32,0,3,1,0.25,194,0,3,0.2453188376173629,0.062033835201341,29.76094996921445,Bajo
322,35,Mujer,Sevilla,3,18,2,122.33,3,1,1,0.14,84,0,0,-0.2314596434151936,-0.2439445675358861,36.77792363023831,Bajo
323,23,Mujer,España,11,10,2,59.33,4,3,0,0.39,207,1,3,0.2416669060285548,0.084921192832865,38.5462766160791,Bajo
324,22,Hombre,Sevilla,8,16,2,28.46,3,1,1,0.28,49,0,0,-0.23204515601106,-0.3637759966907758,31.8639524435912,Bajo
325,18,Hombre,Internacional,9,14,3,58.56,7,4,1,0.73,32,1,1,0.5004239312309939,-0.4016740282836406,54.14155573488099,Medio
326,32,Mujer,España,7,14,3,142.38,4,4,0,0.11,317,0,3,0.4766977164325419,0.4204616585966387,40.83955623080876,Medio
327,48,Hombre,Sevilla,5,19,4,58.6,2,4,0,0.75,170,1,1,0.4700853970553491,-0.0369874938318543,44.25559961744914,Medio
328,63,Hombre,Andalucía,9,15,3,93.11,3,2,0,0.05,129,1,3,0.0095155651112071,-0.1261538383845805,38.96138659578415,Bajo
329,27,Mujer,Internacional,7,14,2,55.37,5,2,1,0.2,102,1,3,0.0111013014485089,-0.1935857025457922,40.32810980851024,Medio
330,37,Mujer,Andalucía,5,18,1,110.54,7,1,1,0.79,35,1,0,-0.2373729547484737,-0.4030704046250876,52.430738969250925,Medio
331,37,Hombre,Sevilla,9,11,2,101.47,4,0,1,0.74,307,0,2,-0.5311710468915456,0.3025275502404985,41.41318209345,Medio
332,61,Mujer,Andalucía,7,10,4,20.35,5,2,1,0.48,199,0,3,-0.0264253628126289,0.0270962199074645,34.861727887168136,Bajo
333,45,Hombre,Andalucía,2,20,1,90.72,4,1,1,0.05,301,1,2,-0.262211009219331,0.3712324683406032,37.94876716988143,Bajo
334,53,Hombre,España,6,10,2,12.7,8,3,1,0.61,77,1,1,0.2484980026810256,-0.2714207465568073,41.65442960980029,Medio
335,53,Hombre,Andalucía,6,16,1,57.84,2,4,1,0.41,321,0,3,0.4740259535537004,0.4289642873215359,35.41943811756168,Bajo
336,60,Mujer,Andalucía,7,18,1,79.54,2,4,0,0.32,14,1,3,0.5289127931444275,-0.4059742140224269,38.884088400557545,Bajo
337,23,Mujer,Sevilla,10,19,2,153.87,6,4,0,0.64,349,0,1,0.4631456801179446,0.4897582250656679,54.27212240461389,Medio
338,42,Mujer,Andalucía,13,11,1,92.72,0,1,0,0.44,131,0,0,-0.2343107611452859,-0.1516202085715647,30.88581697969235,Bajo
339,42,Mujer,Andalucía,8,12,4,49.32,3,4,1,0.09,238,1,3,0.4798329178708025,0.1830111053210755,41.05604144110291,Medio
340,49,Mujer,Sevilla,6,8,1,67.31,5,2,0,0.92,280,0,1,-0.0316489970953695,0.2588666011280857,32.502516025839945,Bajo
341,36,Hombre,Internacional,10,17,2,116.97,4,3,0,0.78,65,1,1,0.2557589865866836,-0.3191324749804428,51.9142567384105,Medio
342,45,Hombre,Andalucía,10,17,1,49.86,2,4,0,0.06,138,0,3,0.5161541609347426,-0.0569897751605914,30.30010042500945,Bajo
343,48,Hombre,Andalucía,6,12,4,123.88,1,1,0,0.53,269,0,2,-0.280941045399814,0.2027806830189106,34.924649655202025,Bajo
344,43,Hombre,España,7,11,3,59.08,1,3,0,0.08,228,1,3,0.2397134479331711,0.1512304096787234,30.22251860870548,Bajo
345,62,Mujer,Andalucía,10,14,1,43.39,3,4,0,0.84,201,1,1,0.4831100904668418,0.0664245048299884,41.74420848464451,Medio
346,48,Hombre,España,11,16,2,60.36,3,0,0,0.61,142,0,0,-0.5019434357576684,-0.1461615240387441,34.7626974215844,Bajo
347,20,Mujer,Andalucía,10,9,0,15.35,4,4,0,0.17,100,0,3,0.523452404056884,-0.1597715673278553,23.790495397715727,Bajo
348,63,Hombre,Sevilla,5,15,3,0.0,5,2,0,0.02,138,0,3,-0.0007502336294224,-0.094432028839347,23.286865180854956,Bajo
349,34,Mujer,Andalucía,8,12,3,76.7,5,3,0,0.03,168,0,3,0.2506494570078004,-0.0013944383633754,33.0255003231653,Bajo
350,19,Mujer,Andalucía,18,15,2,77.31,2,2,0,0.51,99,1,0,0.0127900246784388,-0.2435616226230241,47.23820351113864,Medio
351,50,Hombre,España,7,20,4,90.26,6,0,0,0.73,311,1,2,-0.5481579420308501,0.3041387887260625,49.65007764639802,Medio
352,64,Hombre,Sevilla,5,18,2,76.5,3,0,0,0.12,319,0,2,-0.5204319960026039,0.3819018384205238,27.492840281899227,Bajo
353,32,Hombre,Sevilla,2,14,3,173.17,3,2,0,0.22,327,0,2,-0.027310394068376,0.4214370097587201,36.86807104517532,Bajo
354,59,Hombre,Sevilla,8,15,1,86.74,4,3,1,0.33,355,1,3,0.2238733760184086,0.5156920296503478,44.882557229943366,Medio
355,43,Mujer,Sevilla,6,18,1,24.94,4,0,0,0.22,66,1,0,-0.4787315742278204,-0.3091202659902762,29.021733452054328,Bajo
356,45,Hombre,España,5,15,4,35.2,2,0,0,0.39,335,1,2,-0.5443973139941616,0.3792930915793735,30.698331676420903,Bajo
357,44,Hombre,Sevilla,4,18,3,80.01,5,4,0,0.56,329,1,1,0.45467680174247,0.4309708759897841,45.29134461262233,Medio
358,61,Mujer,Andalucía,10,13,1,62.58,3,1,0,0.68,47,0,0,-0.2330943320290427,-0.3861716681757304,32.66806458113583,Bajo
359,21,Hombre,Andalucía,9,27,2,30.86,3,0,0,0.96,337,0,2,-0.5492226444703964,0.3752029865956764,40.71109763735918,Medio
360,50,Hombre,Andalucía,10,12,1,77.65,5,3,0,0.93,231,1,1,0.2279545261077974,0.134384802996448,46.028411368649394,Medio
361,56,Hombre,España,6,19,1,78.23,4,3,0,0.57,308,1,1,0.2221974210334013,0.3771399899696126,42.27242947078356,Medio
362,52,Hombre,Andalucía,5,12,1,143.83,6,4,0,0.73,146,0,1,0.4972929868740872,-0.05817932827766,43.75889085406527,Medio
363,39,Hombre,España,8,17,0,43.36,5,3,0,0.95,207,0,1,0.2329330043378938,0.0832612725754274,37.85444192273666,Bajo
364,44,Mujer,Andalucía,7,14,3,63.29,1,4,1,0.08,146,0,3,0.5021665281652263,-0.0576577075914749,33.85158262715543,Bajo
365,64,Hombre,Sevilla,4,21,1,143.7,6,0,0,0.01,152,1,2,-0.4821403798246567,-0.0434547647873126,41.53305550645314,Medio
366,61,Hombre,Internacional,8,10,3,93.14,4,0,1,0.03,279,0,2,-0.5133086695685436,0.2594449013413814,33.3711750795042,Bajo
367,46,Hombre,Sevilla,4,25,2,43.12,4,0,0,0.56,140,0,0,-0.5080144087922972,-0.1300622757382046,33.475476398610134,Bajo
368,50,Hombre,Sevilla,8,12,1,51.41,4,0,0,0.76,151,1,0,-0.5040830369565306,-0.1157024706179167,34.93009279999143,Bajo
369,48,Hombre,España,6,12,5,31.43,4,1,0,0.37,21,0,0,-0.2489274454470683,-0.4775749662808403,29.224353216056286,Bajo
370,36,Mujer,Sevilla,15,22,0,83.09,2,1,1,0.55,254,0,2,-0.2539425768208889,0.1979106247872371,46.02933665038516,Medio
371,47,Hombre,España,5,20,6,121.25,2,0,0,0.52,64,0,0,-0.5107722339788413,-0.3861439852471939,41.75286740886296,Medio
372,38,Mujer,Andalucía,6,9,2,145.24,4,3,0,0.09,218,0,3,0.2507883930995833,0.1465399361256827,34.10481002003678,Bajo
373,48,Mujer,Internacional,5,16,2,20.55,2,4,0,0.32,72,0,3,0.5085873578974005,-0.2600490974179523,26.322995893359312,Bajo
374,18,Hombre,España,5,11,0,114.76,4,2,0,0.02,162,1,3,0.0218511933376314,0.0077310608049271,31.66049609206597,Bajo
375,33,Hombre,Andalucía,9,18,3,86.57,6,4,1,0.11,130,1,3,0.5035687930315482,-0.0918138847675346,52.11151249008093,Medio
376,40,Hombre,Internacional,9,18,0,69.52,2,2,0,0.81,69,0,0,0.0141626346193524,-0.3057364088347867,35.61455215629118,Bajo
377,57,Hombre,Sevilla,8,8,1,63.31,4,2,0,0.83,225,0,1,-0.0184407843497609,0.1081207560625223,31.715756559670783,Bajo
378,46,Mujer,Internacional,9,20,0,3.16,3,0,0,0.8,246,1,2,-0.5182192223313757,0.1523052776618866,33.9085898503964,Bajo
379,18,Hombre,Sevilla,9,9,2,105.52,4,2,0,0.73,68,0,0,0.0074996540790903,-0.3258284305805043,37.91531793274168,Bajo
380,55,Hombre,Andalucía,7,20,0,27.25,8,0,0,0.79,107,0,0,-0.4973053274011377,-0.2126836751016475,35.71170902951784,Bajo
381,61,Hombre,Sevilla,7,16,2,50.07,4,1,0,0.67,109,1,0,-0.2528461271774517,-0.2187472202874015,38.3005160478054,Bajo
382,39,Hombre,Andalucía,6,17,2,96.72,4,3,0,0.67,328,0,1,0.2115862304672289,0.4140344511054892,40.252426646811465,Medio
383,47,Hombre,Sevilla,7,12,2,7.33,5,2,1,0.67,103,0,0,-0.0052163689007064,-0.224632758746941,33.902163146672784,Bajo
384,62,Hombre,España,4,18,2,27.17,3,3,0,0.51,141,0,3,0.2415116126440812,-0.0909927233718629,29.30941593007389,Bajo
385,37,Mujer,España,7,15,5,128.75,7,0,1,0.36,65,0,0,-0.5001955364120872,-0.3572760050650504,49.23087982590602,Medio
386,38,Mujer,Internacional,8,12,1,84.88,3,2,0,0.73,134,0,1,0.0006033265897035,-0.1332446349211575,34.23935410375015,Bajo
387,17,Hombre,Sevilla,8,12,3,53.51,4,4,0,0.3,199,0,3,0.4860318295161011,0.0767157899793631,33.3980049651084,Bajo
388,42,Hombre,Andalucía,7,20,1,85.04,2,1,0,0.54,155,0,0,-0.2481723955007526,-0.0725672678901063,34.190451080862395,Bajo
389,57,Hombre,Andalucía,11,16,1,106.78,4,1,1,0.43,79,1,0,-0.22875458346004,-0.2775235366974121,48.693131362612,Medio
390,17,Mujer,Sevilla,5,17,1,124.99,4,2,0,0.28,250,0,2,-0.006463599143796,0.2258202112498961,35.62885862774355,Bajo
391,41,Hombre,Sevilla,1,19,1,35.5,2,1,0,0.97,87,0,0,-0.2562295635325886,-0.2799781800881089,27.57201117931381,Bajo
392,32,Mujer,Andalucía,6,17,3,39.01,4,4,0,0.26,304,1,3,0.4667322896787479,0.3727796782955287,38.038856759580206,Bajo
393,55,Hombre,España,9,18,1,104.33,3,3,1,0.31,241,1,3,0.245008451086897,0.2037178105175413,48.03687578037624,Medio
394,48,Hombre,Andalucía,5,14,3,105.62,7,4,0,0.16,88,0,3,0.5078290524794711,-0.2029997686190297,39.63538379553767,Bajo
395,24,Hombre,Andalucía,8,19,1,26.24,4,1,0,0.82,324,0,2,-0.2879643149921813,0.3716025221407656,33.81908948572043,Bajo
396,58,Hombre,Sevilla,10,15,3,40.51,3,3,0,0.59,172,0,1,0.2334868477041284,-0.0333652055524354,36.214470203894926,Bajo
397,63,Mujer,Sevilla,12,21,0,72.25,8,4,1,0.61,357,1,1,0.469411094790074,0.5339113918763189,58.49213281931737,Medio
398,54,Mujer,Sevilla,5,15,2,80.94,3,0,1,0.82,17,0,0,-0.4898206716249849,-0.4917736178323982,37.98194507962833,Bajo
399,44,Hombre,Internacional,4,13,5,82.08,4,0,0,0.34,223,0,2,-0.5288091238551815,0.0713814146979808,31.645376222407982,Bajo
400,57,Hombre,Sevilla,11,12,2,25.63,7,3,0,0.19,294,0,3,0.229018037136766,0.3417636761965903,33.2182788808673,Bajo
401,41,Mujer,Sevilla,8,13,0,81.67,5,3,1,0.2,310,0,3,0.2405211906065013,0.4124396594840873,36.59078064603321,Bajo
402,50,Mujer,Sevilla,15,17,3,51.31,3,3,1,0.73,219,0,1,0.2254080733987962,0.0805764603752823,49.41453917687392,Medio
403,40,Mujer,España,5,15,3,33.35,10,0,0,0.61,234,0,2,-0.5321573679392338,0.117095278264486,36.28408252415801,Bajo
404,39,Mujer,Internacional,12,21,2,79.56,5,4,1,0.21,248,1,3,0.4887778437311061,0.2313879791204347,54.33295360088437,Medio
405,28,Hombre,España,5,14,4,75.48,5,3,0,0.15,52,1,3,0.257930476665312,-0.3322615435501809,39.18891382299503,Bajo
406,22,Mujer,Andalucía,5,23,1,112.07,2,0,0,0.12,15,0,0,-0.4624086571335662,-0.4367451086365904,31.64516903027802,Bajo
407,51,Hombre,Andalucía,10,15,2,45.56,3,3,1,0.63,324,0,1,0.2136083519865876,0.3925475986457626,40.692748777832655,Medio
408,60,Mujer,Sevilla,6,12,3,89.41,3,3,0,0.0,112,0,3,0.2612271312257808,-0.1533311477655785,29.73645058574135,Bajo
409,35,Mujer,Internacional,11,11,0,17.25,3,3,1,0.02,184,0,3,0.2656364587992975,0.0639686272149674,27.16789220552716,Bajo
410,16,Mujer,España,8,16,2,69.01,0,0,0,0.39,360,1,2,-0.531534956168402,0.4642284131593325,32.03380741423405,Bajo
411,23,Mujer,Andalucía,7,17,1,98.55,2,4,0,0.69,7,1,1,0.5209002666156175,-0.4479567293034638,43.83987855636537,Medio
412,61,Mujer,España,9,17,1,101.92,3,0,1,0.7,51,0,0,-0.4823487510036277,-0.3834631053691587,42.29281899484818,Medio
413,31,Hombre,España,13,14,1,102.19,5,0,0,0.43,314,0,2,-0.5158011044934686,0.3503667550830681,38.69280793144888,Bajo
414,29,Hombre,Andalucía,5,13,5,112.18,4,3,0,0.69,241,0,1,0.2083955229065282,0.139876690517969,42.7987559112133,Medio
415,27,Mujer,Internacional,5,17,4,62.17,5,2,1,0.52,245,1,2,-0.0350142765026275,0.1611108536347403,47.25955961491816,Medio
416,38,Mujer,Internacional,15,12,2,99.83,3,2,0,0.98,186,1,1,-0.0154919626105841,-0.0282574857649341,50.84487286065825,Medio
417,30,Hombre,Andalucía,4,13,1,154.75,3,2,0,0.16,287,1,2,-0.0066915072837049,0.3333910923585182,37.67471222739763,Bajo
418,43,Mujer,Andalucía,7,14,1,61.31,2,0,1,0.6,92,1,0,-0.4891651685686128,-0.2681396009586483,37.245714422494125,Bajo
419,49,Mujer,Sevilla,11,23,0,135.21,3,3,0,0.49,106,0,1,0.2705602278898616,-0.1643114826630453,46.53319228996579,Medio
420,17,Hombre,Andalucía,10,14,2,115.06,4,2,1,0.19,13,1,0,0.0323854251388164,-0.4403521595858251,47.61603529536077,Medio
421,47,Mujer,Sevilla,10,12,1,69.35,3,1,1,0.75,146,1,0,-0.2508033463944205,-0.1194305006316534,43.395370770466016,Medio
422,38,Mujer,Andalucía,18,17,3,72.68,3,1,0,0.28,119,1,0,-0.2402734063354565,-0.196140543433943,47.20642662488268,Medio
423,37,Hombre,Internacional,14,16,4,84.74,3,1,0,0.38,203,0,2,-0.2646791921350898,0.02295494208689,41.6638304014989,Medio
424,40,Hombre,Andalucía,6,9,2,112.81,6,4,1,0.37,141,1,3,0.5015929528182317,-0.0661571955046358,47.3999297068938,Medio
425,37,Hombre,Andalucía,7,12,1,96.11,2,3,0,0.24,115,1,3,0.2674693212769684,-0.1407166415187891,34.58411512854949,Bajo
426,37,Mujer,Sevilla,7,14,2,61.0,2,0,0,0.43,152,1,0,-0.5002194543021607,-0.1044045262238377,31.943172286555093,Bajo
427,64,Hombre,Sevilla,9,14,3,0.0,1,0,0,0.47,57,1,0,-0.4937851631773665,-0.3878431922676669,28.16410303251736,Bajo
428,57,Hombre,España,4,14,3,106.89,4,3,0,0.74,157,1,1,0.2316294869422141,-0.0687340808963976,44.680496102516976,Medio
429,21,Hombre,Sevilla,6,15,1,2.7,6,4,0,0.77,310,1,1,0.4601924179999873,0.3807831985818882,37.833064375140985,Bajo
430,30,Hombre,Sevilla,10,8,2,25.36,6,3,1,0.16,133,1,3,0.2569325916606788,-0.1009410311529862,38.15013137649168,Bajo
431,58,Hombre,Andalucía,10,16,3,63.9,3,4,1,0.59,163,1,1,0.4854867362318996,-0.0423066218541094,50.46421274242141,Medio
432,52,Hombre,España,4,19,1,31.44,9,2,0,0.9,275,0,1,-0.0378090644500714,0.2634347277449976,39.111582674093285,Bajo
433,48,Mujer,España,9,19,2,92.7,4,2,0,0.11,183,0,3,0.0036718569525435,0.0343305736853957,36.95036062116312,Bajo
434,23,Mujer,Sevilla,10,14,3,68.15,2,4,0,0.47,77,0,3,0.5042121484494033,-0.2737532306320676,37.1364218491392,Bajo
435,59,Hombre,Andalucía,4,12,0,111.41,2,3,0,0.75,325,1,1,0.2232788302611426,0.4201091783571695,37.14408983454571,Bajo
436,59,Hombre,Andalucía,11,20,2,15.69,0,2,1,0.61,44,1,0,0.0105246332083844,-0.39398950116716,41.638028794137696,Medio
437,20,Hombre,Andalucía,8,19,2,53.52,5,3,1,0.1,206,1,3,0.2456728758623187,0.1130760901618944,44.53565459121263,Medio
438,54,Mujer,Andalucía,7,16,2,80.17,3,2,1,0.4,38,0,0,0.0181881197348239,-0.3830912218094317,38.621542795434245,Bajo
439,19,Mujer,Sevilla,12,20,1,81.71,4,3,0,0.51,318,0,1,0.2262957796434857,0.3995015512054678,42.96799588410009,Medio
440,21,Mujer,Andalucía,6,12,3,107.76,4,3,0,1.0,22,0,1,0.2481955818747502,-0.459697622762471,42.82817287208651,Medio
441,60,Mujer,Andalucía,9,18,3,43.42,4,1,0,0.18,73,0,0,-0.2383680470384749,-0.3003470017896937,32.23070504289873,Bajo
442,47,Mujer,España,5,15,2,61.28,4,4,0,0.98,241,1,1,0.4636762115060617,0.1678348511321588,43.85874289164218,Medio
443,45,Mujer,Andalucía,8,14,0,100.29,2,0,0,0.38,154,0,0,-0.48394197944029,-0.0721774766532425,28.411775756447096,Bajo
444,62,Mujer,Andalucía,8,17,1,0.0,4,4,1,0.2,237,1,3,0.4903052254924501,0.2101414043245393,37.43112897332846,Bajo
445,50,Mujer,Andalucía,6,14,3,95.4,6,3,1,0.41,5,1,3,0.2656953476629067,-0.4643026020421936,49.49199277124016,Medio
446,55,Mujer,Andalucía,6,12,4,110.56,5,3,1,0.61,221,0,1,0.2202060712735307,0.101273527051553,46.88777004462341,Medio
447,31,Hombre,España,11,18,0,26.65,5,4,1,0.21,310,1,3,0.4870106465724095,0.4206351807860419,43.32655316585845,Medio
448,28,Hombre,Andalucía,9,16,0,67.4,2,3,0,0.29,86,0,3,0.2756052996905401,-0.2142340072440817,30.147427695487504,Bajo
449,57,Hombre,Andalucía,13,13,2,139.71,3,2,0,0.85,177,0,1,-0.0092389630200482,-0.0384500880133897,47.43495041611418,Medio
450,45,Hombre,España,7,14,1,106.39,3,3,0,1.0,259,1,1,0.2218465928198081,0.210357312225688,45.77022890033825,Medio
451,34,Mujer,Andalucía,5,19,2,97.88,3,4,0,0.32,220,1,3,0.4881317098639677,0.1544964101872085,42.29084648279336,Medio
452,32,Mujer,Andalucía,10,12,1,119.64,3,4,0,0.15,38,0,3,0.5349232559470596,-0.3337747815484679,36.19279386476019,Bajo
453,34,Hombre,España,7,13,0,152.18,3,4,1,0.79,142,0,1,0.5054286369754892,-0.0700123814874005,47.43525813593016,Medio
454,43,Mujer,Andalucía,9,14,0,80.74,6,1,0,0.6,235,0,2,-0.2569813271190357,0.1555087677220379,35.781966806721776,Bajo
455,41,Hombre,Andalucía,10,10,1,63.71,4,1,0,0.1,203,0,2,-0.2421592249190588,0.0781899037396468,26.27495680296289,Bajo
456,52,Mujer,Internacional,7,10,1,119.54,4,1,0,0.95,329,1,2,-0.2856009785583797,0.3783676979243405,42.73135058143077,Medio
457,41,Hombre,Sevilla,6,12,4,72.5,7,1,0,0.08,294,1,2,-0.2785219982456579,0.3094317725420011,37.76782725343558,Bajo
458,38,Mujer,Sevilla,8,16,0,42.88,0,1,0,0.63,172,0,0,-0.2478915328771566,-0.0313269685495979,25.204092167870527,Bajo
459,24,Mujer,Sevilla,7,19,1,58.4,5,1,0,0.42,125,1,0,-0.2428405638479938,-0.1430812832306267,38.41451794666169,Bajo
460,27,Hombre,Internacional,6,16,3,92.49,5,1,0,0.56,326,0,2,-0.2899153105271761,0.3779639853852726,38.25427455627729,Bajo
461,16,Mujer,Sevilla,10,15,7,62.02,7,4,1,0.21,65,0,3,0.4865549186962096,-0.3249425308694873,51.53763582985826,Medio
462,16,Hombre,Sevilla,9,10,0,65.0,2,0,0,0.69,281,1,2,-0.5146313526015467,0.2500770530064975,31.24350500811337,Bajo
463,62,Hombre,Sevilla,4,17,5,38.91,2,1,0,0.96,272,1,2,-0.3078653530002527,0.1761383108088522,39.87125710065707,Bajo
464,49,Hombre,Sevilla,9,21,1,137.41,4,4,0,0.46,244,1,1,0.4905207335258313,0.2223091875248373,52.31351595178448,Medio
465,47,Hombre,Sevilla,14,10,1,66.29,2,0,1,0.52,15,1,0,-0.4685209361255621,-0.4878883326594352,40.51331371746553,Medio
466,63,Mujer,Andalucía,5,19,3,51.54,4,1,0,0.24,226,1,2,-0.267612534835747,0.1229455470822824,35.7684418487362,Bajo
467,40,Mujer,Andalucía,11,20,2,55.8,4,0,1,0.89,131,0,0,-0.5096146431018964,-0.1893823537141035,45.96372257644311,Medio
468,55,Mujer,Sevilla,2,18,0,112.1,2,0,1,0.97,195,1,2,-0.5114673836659852,0.0161979474977289,42.81168020307369,Medio
469,60,Hombre,Sevilla,4,15,1,102.93,2,2,1,0.79,293,1,1,-0.0288406139380232,0.3062777012363115,43.828076463380704,Medio
470,16,Mujer,Sevilla,9,11,1,59.93,7,3,0,0.54,209,0,1,0.2400844839626254,0.1027867892277082,36.31539302047651,Bajo
471,31,Hombre,Sevilla,2,21,0,81.29,1,2,0,0.96,113,1,1,-0.0012885864743113,-0.1826672715498341,37.825915095212615,Bajo
472,54,Mujer,Andalucía,10,16,0,91.07,7,0,0,0.15,244,0,2,-0.494330221752644,0.1973193989441194,34.505451836543536,Bajo
473,20,Mujer,España,8,16,3,51.84,1,4,0,0.48,166,0,3,0.4870310769881062,-0.0289589878682679,33.889088834274325,Bajo
474,37,Mujer,Sevilla,13,16,3,18.38,4,1,0,0.54,191,1,0,-0.2666991961246118,-0.0088099735465687,40.54259589976927,Medio
475,44,Hombre,Andalucía,6,12,4,100.6,6,3,1,0.49,257,0,1,0.2165563830627385,0.2090640729909799,45.93812132680337,Medio
476,18,Mujer,Sevilla,11,19,2,54.05,7,1,1,0.8,327,1,2,-0.2916081399346005,0.3729380161192488,54.235907573421215,Medio
477,27,Mujer,España,7,16,1,97.61,4,4,0,0.67,218,0,1,0.4858002246362941,0.1353249012893943,40.3933602864192,Medio
478,41,Hombre,España,4,10,1,92.84,5,3,0,0.13,359,1,3,0.2270297511052564,0.544888596054332,32.95451055651631,Bajo
479,31,Mujer,Andalucía,4,13,3,82.23,4,2,1,0.35,275,0,2,-0.0272877818918921,0.2634766798412886,36.40328831583471,Bajo
480,52,Hombre,Sevilla,4,10,2,62.95,1,0,0,0.34,52,0,0,-0.4818337865711908,-0.3727393556329063,19.733132168256297,Dormido
481,37,Mujer,Internacional,6,16,2,54.64,3,4,0,0.57,158,0,1,0.4896265848895363,-0.0374202260278929,34.37683726731544,Bajo
482,44,Hombre,Sevilla,5,12,2,34.46,3,0,0,0.29,363,1,2,-0.5341911496039183,0.4852978597446564,26.060395990671022,Bajo
483,29,Hombre,Sevilla,11,20,2,55.41,2,0,1,0.12,55,1,0,-0.4741291631497794,-0.3536304596433594,40.72457970496221,Medio
484,43,Mujer,Sevilla,11,14,0,102.75,2,1,0,0.65,14,1,0,-0.2172312713936358,-0.464009072163445,40.2557357693176,Medio
485,20,Hombre,Sevilla,4,10,1,135.91,6,4,1,0.85,269,0,1,0.4727671478687515,0.2712768640425496,46.97728869672808,Medio
486,62,Hombre,Internacional,6,17,1,130.04,6,0,0,0.93,340,0,2,-0.5382450656471396,0.4073487907460957,43.51806157142918,Medio
487,64,Hombre,España,7,11,0,85.82,5,2,0,0.97,90,0,1,0.0055708060427356,-0.2522282918181431,36.27060017786147,Bajo
488,45,Hombre,Sevilla,6,9,3,135.89,7,3,0,0.78,27,1,1,0.2544788430067841,-0.4260062504219464,50.24495619643778,Medio
489,61,Hombre,Andalucía,8,16,4,67.73,7,4,0,0.14,89,0,3,0.5014490326906484,-0.216225397647236,41.012481359849815,Medio
490,20,Hombre,Internacional,7,15,1,28.36,5,1,0,0.85,41,1,0,-0.2424991275170033,-0.4048851644089616,37.09081752708677,Bajo
491,27,Mujer,España,4,19,5,156.83,3,4,0,0.4,304,1,3,0.4571340930803501,0.3506407067987774,52.41080340117571,Medio
492,31,Hombre,Andalucía,8,11,0,101.31,3,1,1,0.73,268,0,2,-0.2634491873683789,0.2322011469409296,37.55762768118979,Bajo
493,41,Hombre,Internacional,4,19,2,18.61,5,3,0,0.53,138,0,1,0.2397091885664288,-0.0960206899421156,31.80245399728006,Bajo
494,41,Mujer,Internacional,13,7,0,142.36,5,2,1,0.83,6,1,0,0.0317289780988868,-0.4826699363374858,53.23073487410635,Medio
495,63,Mujer,España,7,22,7,50.26,2,0,1,0.43,242,0,2,-0.5471224918477144,0.0898915519689786,43.225486272978216,Medio
496,36,Mujer,Sevilla,7,22,4,58.96,7,4,1,0.06,162,0,3,0.4894242032864329,-0.0059768415875798,47.3629591202995,Medio
497,54,Mujer,Andalucía,6,18,1,120.86,4,1,1,0.56,180,0,2,-0.2518809886434326,0.0014548024289119,43.29887250961442,Medio
498,51,Mujer,España,9,7,0,134.47,4,3,0,0.17,297,1,3,0.2491237788541454,0.3740973303273508,37.30943270944061,Bajo
499,48,Mujer,Sevilla,7,12,1,39.97,3,0,0,0.97,6,1,0,-0.4870724368879966,-0.5276429253312783,33.749548962041736,Bajo
500,45,Mujer,España,7,14,2,138.84,6,3,1,0.53,271,0,1,0.2278701115880941,0.2697990527395946,49.50568796879528,Medio
